term,base,n_rows,volumes,pages,n_senses_for_base,terms_sharing_base,glosses,section,ref_source,qa_flags,risk
aete,aete,1,A,3,0,,,A,v1,,
ageku (ni),ageku (ni),1,A,7,0,,,A,v1,,
ageru ',ageru,1,B,,2,ageru '|ageru²,""" s.o. gives s.t. to s.o . """,A,v1,,collision
ageru²,ageru,1,B,,2,ageru '|ageru²,""" s.o. gives s.o. a favor by doing s.t . """,A,v1,,collision
aida (ni),aida (ni),1,B,,0,,,A,v1,,
aida wa,aida wa,1,,,0,,<kagiri '>,A,,missing_ref,missing_only
akiraka ni,akiraka ni,1,A,254,0,,<miru kara ni>,A,v1,,
akumade mo,akumade mo,1,A,11,0,,,A,v1,,
amari,amari,2,B|I,,2,,""" because of too much "" ;; "" s.t. is not great """,A,v1,,collision
amari~nai,amari~nai,1,A,252,0,,<metta ni~nai>,A,v1,,
anagachi~nai,anagachi~nai,1,A,14,0,,,A,v1,,
angai,angai,1,A,123,0,,<kekkō>,A,v2,,
anmari,anmari,1,B,,0,,<amari>,A,v1,,
an no jō,an no jō,1,A,111,0,,<hatashite>,A,v1,,
aru,aru,1,B,,2,aru|aru²,""" exist """,A,v1,,collision
aru²,aru,1,B,,2,aru|aru²,""" s.t. has been done """,A,v1,,collision
aruiwa,aruiwa,4,A,16|248|285|307,0,,<mata> ;; <moshikuwa> ;; <naishi (wa)>,A,v1,,
ǎ shita,ǎ shita,1,I,,0,,<kō shita>,A,v1,,
atakamo,atakamo,2,A,187|21,0,,<ka no yōni>,A,v1,,
atari,atari,1,I,,0,,<ni tsuki>,A,v3,,
atarimae da,atarimae da,1,A,263,0,,<mono de wa nai>,A,v1,,
ato,ato,1,A,540,0,,<sara ni>,A,v1,,
ato (de),ato (de),1,A,562,0,,<sue (ni)>,A,v1,,
ato de,ato de,1,B,,0,,,A,v1,,
ba,ba,1,B,,0,,,B,v1,,
ba'ai,ba'ai,1,,,0,,<sai (ni)>,B,,missing_ref,missing_only
~ba~hodo,~ba~hodo,2,I,,0,,<ni tsurete/tsure>,B,v1,,
ba~hodo,ba~hodo,1,I,,0,,<hodo>,B,v1,,
~2 ba~hodo yoi/ii,ba~hodo yoi/ii,1,A,398,0,,<ni koshita koto wa nai>,B,v1,,collision
bakari,bakari,1,B,,0,,,B,v1,,
bakari da,bakari da,1,A,146,0,,<ippō (da)>,B,v1,,
bakari de naku~(mo),bakari de naku~(mo),1,A,240,0,,<kuwaete>,B,v1,,
bakari de (wa) naku~(mo),bakari de (wa) naku~(mo),2,B|I,,0,bakari de (wa) naku~(mo)|~2 bakari de (wa) naku~(mo),<~bakari ka 2 (sae)> ;; <~dake de (wa) naku~(mo)>,B,v1,,collision
~2 bakari de (wa) naku~(mo),bakari de (wa) naku~(mo),1,I,,0,bakari de (wa) naku~(mo)|~2 bakari de (wa) naku~(mo),<ue (ni)>,B,v3,,collision
~bakari de (wa) naku~(mo),~bakari de (wa) naku~(mo),1,A,8,0,,<wa iu made mo naku>,B,v2,,
~bakari ka~(sae),~bakari ka~(sae),1,I,,0,,,B,v1,,
bakari ni,bakari ni,1,A,25,0,,,B,v1,,
bakari wa irarenai,bakari wa irarenai,1,,,0,,,B,,missing_ref,missing_only
ba koso,ba koso,1,A,27,0,,,B,v1,,
ba yokatta,ba yokatta,1,B,,0,,,B,v1,,
bekarazu/bekarazaru,bekarazu/bekarazaru,1,A,29,0,,,B,v1,,
bekida,bekida,1,I,,0,,,B,v1,,
beki de wa nai,beki de wa nai,1,A,263,0,,<mono de wa nai>,B,v1,,
beki ka,beki ka,1,A,268,0,,<mono ka '>,B,v1,,
beku,beku,1,A,32,0,,,B,v1,,
beku mo nai,beku mo nai,1,A,34,0,,,B,v1,,
beku shite,beku shite,1,A,36,0,,,B,v1,,
bun,bun,1,I,,0,,,B,v1,,
buri,buri,1,I,,0,,<-rai>,B,v3,,
chan,chan,1,B,,0,,<-sama>,C,v1,,
chau,chau,1,B,,0,,<shimau>,C,v1,,
chimau,chimau,1,B,,0,,<shimau>,C,v1,,
chinami ni,chinami ni,1,A,40,0,,,C,v1,,
chittomo,chittomo,1,B,,0,,<amari>,C,v1,,
chittomo~nai,chittomo~nai,1,A,334,0,,<nanra~2 nai>,C,v1,,
chū (ni),chū (ni),1,B,,0,,<uchi ni>,C,v1,,
chushin ni>> o chushin ni,chushin ni>> o chushin ni,1,,,0,,,C,,missing_ref;unbalanced,garble
chuto hanpani/na,chuto hanpani/na,1,A,318,0,,<namaji (kka)>,C,v1,,
da,da,2,B|I,,0,,<de aru> ;; <~wada>,D,v1,,
daga,daga,3,B|I,,0,,<ga> ;; <tokoro ga>,D,v1,missing_ref,missing_only
dai,dai,1,B,,0,,,D,v1,,
daiichi,daiichi,1,A,550,0,,<somosomo (no)>,D,v1,,
daitai,daitai,1,A,526,0,,<oyoso>,D,v1,,
dakara,dakara,3,A|B|I,745,0,,<shitagatte> ;; <sore de> ;; <yue ni>,D,v1|v3,,
(no) da kara,(no) da kara,1,A,615,0,,<to atte wa>,D,v1,,
dakara to itte,dakara to itte,2,A|I,635,0,,<to itte>,D,v1,,
dake,dake,5,A|B|I,146|219|42,0,,<(k) kiri> ;; <ippo (da)> ;; <nomi>,D,v1,,
dake atte,dake atte,2,A,45|47,0,,<dake ni>,D,v1,,
dake da,dake da,1,I,,0,,<ni suginai>,D,v1,,
dake de,dake de,1,I,,0,,,D,v1,,
dake demo,dake demo,1,A,54,0,,<dani>,D,v1,,
dake de naku,dake de naku,1,A,694,0,,<wa oroka>,D,v1,,
dake de (wa) naku~,dake de (wa) naku~,1,A,461,0,,<nomi narazu>,D,v1,,
~dake de (wa) naku 2 (mo),~dake de (wa) naku 2 (mo),1,B,,0,,,D,v1,,
- dake de (wa) naku (mo),- dake de (wa) naku (mo),1,I,,0,,<~bakari ka (sae)>,D,v1,,
~dake de (wa) naku,~dake de (wa) naku,1,A,240,0,,<kuwaete>,D,v1,,
2~dake de (wa) naku~(mo),2~dake de (wa) naku~(mo),1,I,,0,,<ni kagirazu>,D,v1,,
- dake de (wa) naku~(mo),- dake de (wa) naku~(mo),1,A,440,0,,<ni todomarazu>,D,v1,,
~2 dake de (wa) naku (mo),dake de (wa) naku (mo),1,I,,0,dake de (wa) naku (mo)|~2 dake de (wa) naku (mo),<o hajime (to shite)>,D,v3,,collision
dake de (wa) naku (mo),dake de (wa) naku (mo),1,I,,0,dake de (wa) naku (mo)|~2 dake de (wa) naku (mo),<ue (ni)>,D,v1,,collision
dakedo,dakedo,2,B,,0,,<daga> ;; <g>,D,v1,missing_ref,missing_only
dake ni,dake ni,1,A,47,0,,,D,v1,,
dake (no koto) da,dake (no koto) da,1,A,243,0,,<made (no koto) da>,D,v1,,
dake no koto wa aru,dake no koto wa aru,1,A,51,0,,,D,v1,,
dake no koto wa atte,dake no koto wa atte,1,A,45,0,,<dake atte>,D,v1,,
dani,dani,1,A,54,0,,,D,v1,,
dano,dano,1,A,57,0,,,D,v1,,
~da no~da no to,~da no~da no to,1,A,470,0,,<no no to>,D,v1,,
dara,dara,1,B,,0,,<-tara>,D,v1,,
darake,darake,1,I,,0,,,D,v1,,
daro,daro,1,B,,0,,,D,v1,,
darō,darō,3,I,,0,,<-yo> ;; <de arō> ;; <karō>,D,v1,missing_ref,missing_only
daro ga/to darō ga/to,daro ga/to darō ga/to,1,A,643,0,,<- to iwazu - to iwazu>,D,v1,,
darō ka,darō ka,1,A,715,0,,<yara>,D,v1,,
dasu,dasu,1,B,,0,,,D,v1,,
datte,datte,3,A|B,60|63,2,,""" because "" ;; "" too ; even "" ;; <-tatte>",D,v1,,collision
de ',de,1,B,,0,de|de '|de³,[ location ],D,v1,,collision
de,de,8,A|B,292|426|429,0,de|de '|de³,<ni oite/okeru> ;; <ni shite '> ;; <ni yotte/yori> ;; <te> ;; [ instrument ] ;; [ time ],D,v1|v2|v3,missing_ref,collision;missing_only
de³,de,1,B,,0,de|de '|de³,[ te - form of desu ],D,v1,,collision
de ageru,de ageru,1,B,,0,,<ageru>,D,v1,,
de are,de are,1,A,67,0,,,D,v1,,
~de are- de are,~de are- de are,1,A,70,0,,,D,v1,,
de are de are,de are de are,1,A,643,0,,<~to iwazu~to iwazu>,D,v1,,
(no) de areba,(no) de areba,1,A,615,0,,<to atte wa>,D,v1,,
de arō,de arō,1,I,,0,,,D,v1,,
de arō ga/to,de arō ga/to,1,A,67,0,,<de are>,D,v1,,
~2 de arō ga/to de arō ga/to,de arō ga/to de arō ga/to,1,A,643,0,,<to iwazu~to iwazu>,D,v1,,collision
~de arō to~de arō to,~de arō to~de arō to,1,A,70,0,,<~de are -de are>,D,v1,,
de aru,de aru,3,A|B,622,0,,<aru> ;; <to demo iu beki>,D,v1,missing_ref,missing_only
de atte mo,de atte mo,1,A,67,0,,<de are>,D,v1,,
de hoshii,de hoshii,1,B,,0,,<hoshii ?>,D,v1,,
de iru,de iru,1,B,,0,,<iru>,D,v1,,
de itadaku,de itadaku,1,B,,0,,<morau²>,D,v1,,
de kudasai,de kudasai,1,B,,0,,<kudasai>,D,v1,,
de kudasaru,de kudasaru,1,B,,0,,<kureru>,D,v1,,
de kureru,de kureru,1,B,,0,,<kureru>,D,v1,,
de miru,de miru,1,B,,0,,<miru>,D,v1,,
de mo,de mo,2,A|B,67,1,,"<de are> ;; <te mo> "" even if """,D,v1,,
demo,demo,6,A|B,423|624|63,1,,""" even "" ;; <daga> ;; <datte '> ;; <g> ;; <ni shita tokoro de> ;; <to ie domo>",D,v1,missing_ref,missing_only
~de mo~de mode are de are>,~de mo~de mode are de are>,1,A,70,0,,,D,v1,unbalanced,garble
~demo demo,~demo demo,1,A,76,0,,[ Wh - word ],D,v1,,
de mo ii,de mo ii,1,B,,0,,<te mo ii>,D,v1,,
de mo/ja aru mai shi,de mo/ja aru mai shi,1,A,74,0,,,D,v1,,
de moraitai,de moraitai,1,B,,0,,<hoshii²>,D,v1,,
de morau,de morau,1,B,,0,,<morau²>,D,v1,,
de nai to,de nai to,1,A,350,0,,<nara de wa (no)>,D,v1,,
de nakattara,de nakattara,1,A,350,0,,<nara de wa (no)>,D,v1,,
de nakereba,de nakereba,1,A,350,0,,<nara de wa (no)>,D,v1,,
de nakute wa,de nakute wa,1,A,350,0,,<nara de wa (no)>,D,v1,,
de oku,de oku,1,B,,0,,<oku>,D,v1,,
de sae,de sae,1,A,432,0,,<ni shite kara ga>,D,v1,,
de sashiageru,de sashiageru,1,B,,0,,<ageru>,D,v1,,
de shikata ga nai,de shikata ga nai,1,B,,0,,<tamaranai>,D,v1,,
de shimau,de shimau,1,B,,0,,<shimau>,D,v1,,
deshō,deshō,2,B|I,,0,,<-yō²> ;; <darō>,D,v1,,
desu,desu,1,B,,0,,<wa~da>,D,v1,,
(so) desu ga,(so) desu ga,1,I,,0,,<sō ka to itte>,D,v1,,
de sura,de sura,1,A,432,0,,<ni shite kara ga>,D,v1,,
de tamaranai,de tamaranai,1,B,,0,,<tamaranai>,D,v1,,
de wa,de wa,1,A,391,0,,<ni kakete wa>,D,v1,,
de wa ikenai,de wa ikenai,1,B,,0,,<wa ikenai>,D,v1,,
de wa naranai,de wa naranai,1,B,,0,,<wa ikenai>,D,v1,,
de yaru,de yaru,1,B,,0,,<ageru>,D,v1,,
dō,dō,1,B,,0,,,D,v1,,
dochira ka to ieba,dochira ka to ieba,1,A,78,0,,<dochira ka to iu to>,D,v1,,
dochira ka to iu to,dochira ka to iu to,1,A,78,0,,,D,v1,,
dō iu wake (da) ka,dō iu wake (da) ka,1,A,370,0,,<naze ka>,D,v1,,
dō ka,dō ka,1,A,82,0,,,D,v1,,
dō ka suru to,dō ka suru to,1,A,651,0,,<to mo suru to>,D,v1,,
doko made mo,doko made mo,1,A,11,0,,<akumade mo>,D,v1,,
dokoro de wa nai,dokoro de wa nai,1,A,85,0,,,D,v1,,
dokoroka,dokoroka,5,A|I,245|85,0,,<dokoro de wa nai> ;; <mashite (ya)> ;; <sore dokoroka> ;; <~bakari ka 2 (sae)>,D,v1,missing_ref,missing_only
dokoro no hanashi de wa nai,dokoro no hanashi de wa nai,1,A,85,0,,<dokoro de wa nai>,D,v1,,
domo,domo,3,A|B,88,0,,<-tachi>,D,v1|v2,duplicate,
dō ni ka,dō ni ka,1,A,341,0,,<nan to ka>,D,v1,,
dō ni mo~nai,dō ni mo~nai,1,A,92,0,,,D,v1,,
dō ni mo kō ni mo~nai,dō ni mo kō ni mo~nai,1,A,92,0,,<dō ni mo~nai>,D,v1,,
donna,donna,1,A,132,0,,<ikanaru>,D,v1,,
donnani,donnani,2,A,135|138,0,,<ikani> ;; <ikura>,D,v1,,
donnani~(koto) ka,donnani~(koto) ka,1,I,,0,,,D,v1,,
dono yōna,dono yōna,1,A,132,0,,<ikanaru>,D,v1,,
dorehodo (koto) ka,dorehodo (koto) ka,1,I,,0,,<donnani~(koto) ka>,D,v1,,
dōse,dōse,1,I,,0,,,D,v3,,
dōshi,dōshi,1,A,94,0,,,D,v1,,
dōshite (da) ka,dōshite (da) ka,1,A,370,0,,<naze ka>,D,v1,,
dōzo,dōzo,1,A,82,0,,<dō ka>,D,v1,,
e,e,1,B,,0,,[ direction ],E,v1,short_term,garble
eru,eru,1,B,,0,,<rareru²>,E,v1,,
fū ni,fū ni,1,I,,0,,,F,v1,,
fu no,fu no,1,I,,0,,<-ppoi>,F,v1,,
futsu no,futsu no,1,I,,0,,<tada no>,F,v1,,
ga ',ga,1,B,,1,ga|ga '|ga²,[ subject marker ],G,v1,,collision
ga²,ga,1,B,,1,ga|ga '|ga²,""" but """,G,v1,,collision
ga,ga,4,A|I,274,1,ga|ga '|ga²,<(no) kawari ni> ;; <daga> ;; <mono no> ;; <nagara (mo)>,G,v1|v3,,collision
gachi,gachi,2,A|I,214,0,,<kirai ga aru>,G,v1,,
ga hayai ka,ga hayai ka,2,A,706|99,0,,<ya ina ya>,G,v1,,
-ga (i) -nakereba,-ga (i) -nakereba,1,I,,0,,<nashi de wa>,G,v1,,
~ga~nara,~ga~nara,1,A,101,0,,,G,v1,,
garu,garu,1,B,,0,,,G,v1,,
gata,gata,1,B,,0,,<-tachi>,G,v1,,
gatai,gatai,2,I,,0,,<-kaneru>,G,v1|v3,,
gimi,gimi,1,I,,0,,<-gachi>,G,v3,,
goro,goro,1,B,,0,,,G,v1,,
goto ni,goto ni,2,A|B,582,0,,<tan'i de>,G,v1,,
gotoshi,gotoshi,1,A,103,0,,,G,v1,,
gurai,gurai,1,B,,0,,<kurai>,G,v1,,
gyaku ni,gyaku ni,1,I,,0,,,G,v3,,
hajimeru,hajimeru,1,B,,0,,,H,v1,,
hanmen,hanmen,2,A,107|149,0,,<ippō (de)>,H,v1,,
hatashite,hatashite,1,A,111,0,,,H,v1,,
hazu,hazu,2,B,,0,,<bekida>,H,v1|v3,,
hazu ga nai,hazu ga nai,1,I,,0,,<wake ga nai>,H,v1,,
hazu wa nai,hazu wa nai,1,I,,0,,<koto wa nai>,H,v1,,
hetani,hetani,1,A,318,0,,<namaji (kka)>,H,v1,,
hiite wa,hiite wa,1,A,114,0,,,H,v1,,
hijōni,hijōni,2,A|I,226,0,,<kono ue nai> ;; <nakanaka>,H,v1,,
hikikae>> ni hikikae,hikikae>> ni hikikae,1,,,0,,,H,,missing_ref;unbalanced,garble
hito/ichi tari to mo~nai,hito/ichi tari to mo~nai,1,A,117,0,,[ Counter ] <hito/ichi [ Counter ] to shite nai>,H,v1,,
hito/ichi to shite nai,hito/ichi to shite nai,1,A,117,0,,[ Counter ],H,v1,,
hito/ichi 2 nai,hito/ichi 2 nai,1,A,117,0,,[ Wh - word ] [ Counter ] <hito/ichi [ Counter ] to shite nai>,H,v1,,
hitotsu,hitotsu,1,A,119,0,,,H,v1,,
hitotsu ni wa,hitotsu ni wa,1,A,122,0,,,H,v1,,
hitsuyo wa nai,hitsuyo wa nai,1,I,,0,,<made mo nai>,H,v1,,
"hodo B ,","hodo B ,",1,I,,0,,,H,v1,,
hodo hodo no mo nai,hodo hodo no mo nai,1,I,,0,,<kurai koto> <made mo nai>,H,v1,,
hō ga ii,hō ga ii,2,B|I,,0,,<bekida>,H,v1|v2,,
hō ga yor,hō ga yor,1,B,,0,,,H,v1,,
höhō,höhō,1,B,,0,,<-kata>,H,v3,,
hoka,hoka,1,I,,0,,<igai>,H,v3,,
(yori/no) hoka (ni) (wa)~nai,(yori/no) hoka (ni) (wa)~nai,1,A,734,0,,,H,v3,,
(o oite) hoka ni (wa)~2 nai,(o oite) hoka ni (wa)~2 nai,1,A,499,0,,,H,v3,,
hontō ni,hontō ni,2,A|I,678,0,,<(to i) ttara nai> ;; <ikanimo>,H,v1|v3,,
hoshii want s t,hoshii want s t,1,B,,0,,""" "" "" .. .B hoshii "" "" want s.o. to do s.t. """,H,v1,,
hotondo nai,hotondo nai,1,A,252,0,,<metta ni~nai>,H,v1,,
ichi to shite 2 nai,ichi to shite 2 nai,1,,,0,,[ Counter ],I,,missing_ref,missing_only
> hito/ichi to shite nai,> hito/ichi to shite nai,1,A,117,0,,[ Counter ],I,v3,unbalanced,garble
ichiban,ichiban,2,A|B,499,0,,<o oite hoka ni (wa)~nai>,I,v1,,
ichido,ichido,1,A,161,0,,<ittan>,I,v1,,
ichiō,ichiō,1,A,126,0,,,I,v1,,
ie domo> to ie domo,ie domo> to ie domo,1,I,,0,,,I,v1,unbalanced,garble
igai ni nai,igai ni nai,1,A,499,0,,<o oite hoka ni (wa) - nai>,I,v1,,
igai to,igai to,1,I,,0,,<kekko>,I,v1,,
igai wa,igai wa,1,A,685,0,,<wa betsu to shite>,I,v1,,
igo,igo,1,A,154,0,,<irai>,I,v1,,
ii,ii,1,I,,0,,<mashida>,I,v1,,
ijō (wa),ijō (wa),2,A,195|64,0,,<kara ni wa>,I,v1|v2,,
ikaga,ikaga,1,B,,0,,<dō>,I,v1,,
ikanaru,ikanaru,1,A,132,0,,,I,v1,,
ikan (da),ikan (da),1,A,128,0,,,I,v1,,
ikan de,ikan de,1,A,412,0,,<ni ōjite/ōjita>,I,v1,,
ikani,ikani,1,A,135,0,,,I,v3,,
ikani (koto) ka,ikani (koto) ka,1,,,0,,<donnani~(koto) ... ka 135>,I,,missing_ref,missing_only
ikanimo,ikanimo,3,A|I,254,0,,<miru kara ni> ;; <samo>,I,v1,,
ikō,ikō,1,A,534,0,,<irai>,I,v1,,
iku,iku,2,A|B,154,2,,""" go "" ;; "" go on -ing """,I,v1,,collision
ikura,ikura,1,B,,0,,,I,v1,,
ikura ima ni natte te mo <~te mo> 603 138,ikura ima ni natte te mo <~te mo> 603 138,1,A,141,0,,<imasara~te mo>,I,v1,merged_suspect,garble
imasara,imasara,1,A,141,0,,,I,v1,,
Imperative,Imperative,1,I,,0,,,I,v1,,
ippanni,ippanni,1,A,526,0,,<oyoso>,I,v1,,
ippo (da),ippo (da),1,A,146,0,,,I,v1,,
ippō (de),ippō (de),1,A,149,0,,,I,v1,,
ippō de (wa)~tahō de (wa)~,ippō de (wa)~tahō de (wa)~,1,I,,0,,,I,v1,,
irai,irai,2,A|I,154,0,,<-rai>,I,v1,,
iru¹,iru,1,B,,3,iru|iru²|iru³|iru¹,""" exist """,I,v1,,collision
iru²,iru,1,B,,3,iru|iru²|iru³|iru¹,""" be -ing """,I,v1,,collision
iru³,iru,1,B,,3,iru|iru²|iru³|iru¹,""" need """,I,v1,,collision
iru,iru,1,I,,3,iru|iru²|iru³|iru¹,<tsutsu>,I,v1,,collision
issai nai,issai nai,1,A,159,0,,,I,v1,,
isshoni,isshoni,1,A,94,0,,<-dōshi>,I,v1,,
issō,issō,3,A,344|348|540,0,,<nao> ;; <naosara> ;; <sara ni>,I,v1,,
itadaku,itadaku,1,B,,0,,<morau '>,I,v1,,
ite,ite,1,I,,0,,<ori>,I,v1,,
itsu (de) mo,itsu (de) mo,1,I,,0,,<tabi ni>,I,v1,,
itsumo wa~nai,itsumo wa~nai,1,I,,0,,<kanarazushimo>,I,v1,,
ittan,ittan,1,A,161,0,,,I,v1,,
itte mireba,itte mireba,1,A,164,0,,,I,v3,,
ju made mo nai,ju made mo nai,1,A,167,0,,,I,v1,,
(tatoete) iu naraba,(tatoete) iu naraba,1,A,164,0,,<itte mireba>,I,v1,,
iwaba,iwaba,2,A,164|170,0,,<itte mireba>,I,v1,,
iwan'ya,iwan'ya,1,A,245,0,,<mashite (ya)>,I,v1,,
iwayuru,iwayuru,1,A,172,0,,,I,v1,,
izen (to shite),izen (to shite),1,A,344,0,,<nao>,I,v1,,
jau,jau,1,B,,0,,<shimau>,J,v1,,
jibun ',jibun,1,B,,0,jibun|jibun ',[ empathy marker ],J,v1,,collision
jibun,jibun,1,B,,0,jibun|jibun ',[ contrast marker ],J,v1,,collision
jimau,jimau,1,B,,0,,<shimau>,J,v1,,
jishin,jishin,2,A,174|553,0,,<-jitai> ;; <sono mono>,J,v1,,
jitai,jitai,2,A,174|553,0,,<sono mono>,J,v1,,
jitsuni,jitsuni,1,A,226,0,,<kono ue nai>,J,v1,,
jō,jō,1,I,,0,,,J,v1,,
jō wa,jō wa,1,I,,0,,<no ue de wa>,J,v1,,
ka¹,ka,1,B,,1,ka|ka¹,""" or """,K,v1,,collision
ka,ka,6,A|B|I,223|285|307|715,1,ka|ka¹,<-kke> ;; <mata wa> ;; <moshikuwa> ;; <naishi (wa)> ;; <yara> ;; [ question marker ],K,v1|v3,,collision
ka de,ka de,1,I,,0,,<no moto de>,K,v1,,
ka (dō ka),ka (dō ka),1,B,,0,,,K,v1,,
ka dō ka,ka dō ka,1,A,182,0,,<ka ina ka>,K,v1,,
kaette,kaette,3,A|I,295,0,,<gyaku ni> ;; <mushiro>,K,v1,,
kagiri,kagiri,2,I,,2,,""" as long as "" ;; "" only until ; limited """,K,v1|v3,,collision
kagiri da,kagiri da,2,A,177|226,0,,<kono ue nai>,K,v1,,
kagiri (wa),kagiri (wa),1,I,,0,,<ijo (wa)>,K,v1,,
kai,kai,1,B,,0,,,K,v1,,
kai/gai,kai/gai,1,A,179,0,,,K,v1,,
ka ina ka,ka ina ka,1,A,182,0,,,K,v1,,
~ka~ka,~ka~ka,3,A|I,720,0,,<~nari~nari> ;; <~yarayara>,K,v1,,
~ka~ka dochiraka,~ka~ka dochiraka,1,I,,0,,<mata wa>,K,v1,,
kakete wa ni kakete wa,kakete wa ni kakete wa,1,,,0,,,K,,missing_ref,missing_only
kamoshirenai,kamoshirenai,1,A,509,0,,<osore ga aru>,K,v1,,
kan,kan,1,,,0,,<-rai>,K,,missing_ref,missing_only
kana,kana,2,A,185,0,,,K,v1,missing_ref,missing_only
kanā,kanā,1,B,,0,,<kashira>,K,v1,,
-ka nai ka,-ka nai ka,1,A,182,0,,<ka ina ka>,K,v1,,
kanarazu,kanarazu,1,A,750,0,,<zu ni wa okanai>,K,v1,,
kanarazushimo,kanarazushimo,1,I,,0,,,K,v1,,
kanarazushimo 2 nai,kanarazushimo 2 nai,1,A,14,0,,<anagachi~nai>,K,v1,,
kanari,kanari,1,I,,0,,<nakanaka>,K,v1,,
ka ne,ka ne,1,B,,0,,<ne>,K,v1,,
kaneru,kaneru,1,I,,0,,,K,v1,,
kangaeru ni,kangaeru ni,1,A,496,0,,<omou ni>,K,v1,,
ka no gotoku,ka no gotoku,1,A,187,0,,<ka no yōni>,K,v1,,
kanōsei ga aru,kanōsei ga aru,1,A,509,0,,<osore ga aru>,K,v1,,
ka no yōni,ka no yōni,2,A,103|187,0,,<gotoshi>,K,v1,,
kara ',kara,1,B,,3,kara|kara ',""" from """,K,v1,,collision
kara,kara,13,A|B|I,154|233|307|371|612|645|745,3,kara|kara ',""" after doing s.t . "" ;; "" because "" ;; <(no) kawari ni> ;; <irai> ;; <kara to itte> ;; <koto de> ;; <koto kara> ;; <naishi (wa)> ;; <naze nara (ba) kara da> ;; <to atte> ;; <toka de> ;; <tokoro kara> ;; <yue ni>",K,v1,missing_ref,collision;missing_only
kara made,kara made,1,I,,0,,<- kara - ni itaru made>,K,v1,,
kara- made,kara- made,1,I,,0,,<- kara - ni kakete>,K,v3,,
kara ni itaru made,kara ni itaru made,1,I,,0,,,K,v3,,
kara- ni kakete,kara- ni kakete,1,I,,0,,,K,v1,,
kara da,kara da,1,I,,0,,<koto ni yoru>,K,v3,,
kara itte,kara itte,2,A,190|199,0,,<kara shite>,K,v1,,
kara koso,kara koso,1,A,27,0,,<ba koso>,K,v1,,
kara mite,kara mite,1,A,199,0,,<kara shite>,K,v1,,
kara naru,kara naru,1,A,192,0,,,K,v1,,
kara ne,kara ne,1,B,,0,,<ne>,K,v1,,
kara ni wa,kara ni wa,2,A|I,195,0,,<ijō (wa)>,K,v1,,
kara shite,kara shite,2,A,199|432,0,,<ni shite kara ga>,K,v1,,
kara to itte,kara to itte,1,I,,0,,,K,v1,,
kari ni,kari ni,1,A,201,0,,,K,v1,,
karō,karō,1,I,,0,,,K,v2,,
karōjite,karōjite,1,I,,0,,<yatto>,K,v1,,
kashira,kashira,2,A|B,715,0,,<yara>,K,v1,,
kata,kata,2,B|I,,0,,<-yo '>,K,v1,,
kata o suru,kata o suru,1,I,,0,,,K,v1,,
katawara,katawara,1,A,149,0,,<ippō (de)>,K,v1,,
ka to itte,ka to itte,1,A,635,0,,<to itte>,K,v1,,
ka to iu to,ka to iu to,1,I,,0,,,K,v1,,
ka to omoeba,ka to omoeba,1,A,206,0,,<ka to omou to>,K,v1,,
ka to omottara,ka to omottara,1,A,206,0,,<ka to omou to>,K,v1,,
ka to omou to,ka to omou to,1,A,206,0,,,K,v1,,
katsu,katsu,1,A,209,0,,,K,v1,,
kawari ni,kawari ni,3,A|B,380,0,,<ni hikikae> ;; <ni kawatte>,K,v1,missing_ref,missing_only
(no) kawari ni,(no) kawari ni,1,I,,0,,,K,v1,,
kedo,kedo,1,I,,0,,<keredomo>,K,v1,,
keikō ga aru,keikō ga aru,1,A,214,0,,<kirai ga aru>,K,v1,,
kekka,kekka,2,A,7,0,,<ageku (ni)>,K,v1|v3,,
kekkō,kekkō,2,A|I,206,0,,<nakanaka>,K,v1|v2,,
kekkyoku,kekkyoku,2,B|I,,0,,<tsumari> ;; <yahari>,K,v1,,
keredo,keredo,1,B,,0,,<keredomo>,K,v1,,
keredo (mo),keredo (mo),6,A|I,116|199,0,,<(no) kawari ni> ;; <daga> ;; <nagara (mo)> ;; <ni mo kakawarazu> ;; <sō ka to itte> ;; <tokoro ga>,K,v1|v2,missing_ref,missing_only
keredomo,keredomo,3,A|B,274|635,0,,<mono no> ;; <to itte>,K,v1,,
kesshite,kesshite,1,B,,0,,<amari>,K,v1,,
kesshite nai,kesshite nai,1,A,658,0,,<totemo - nai>,K,v1,,
kikensei ga aru,kikensei ga aru,1,A,509,0,,<osore ga aru>,K,v1,,
kikeru,kikeru,1,B,,0,,<kikoeru>,K,v1,,
kikoeru,kikoeru,1,B,,0,,,K,v1,,
kimatte iruni kimatte iru,kimatte iruni kimatte iru,1,,,0,,,K,,missing_ref,missing_only
kinshi,kinshi,1,A,29,0,,<bekarazu/bekarazaru>,K,v1,,
kiraida,kiraida,1,B,,0,,,K,v1,,
kirai ga aru,kirai ga aru,1,A,214,0,,,K,v1,,
(k) kiri,(k) kiri,1,A,219,0,,,K,v1,,
kitto,kitto,1,A,547,0,,<sazo (kashi)>,K,v1,,
kiwamari nai,kiwamari nai,1,A,226,0,,<kono ue nai>,K,v1,,
kiwamete,kiwamete,1,A,226,0,,<kono ue nai>,K,v1,,
kke,kke,1,A,223,0,,,K,v1,,
kō itta,kō itta,1,A,130,0,,<kō shita>,K,v2,,
kō iu,kō iu,1,I,,0,,<kō shita>,K,v1,,
konna,konna,1,A,130,0,,<kō shita>,K,v2,,
kono,kono,1,I,,0,,,K,v1,,
kono ue nai,kono ue nai,1,A,226,0,,,K,v1,,
kono yōna,kono yōna,1,I,,0,,<kō shita>,K,v1,,
kō shita,kō shita,1,I,,0,,,K,v1,,
koshita koto wa nai,koshita koto wa nai,1,,,0,,,K,,missing_ref,missing_only
>> ni koshita koto wa nai,>> ni koshita koto wa nai,1,A,398,0,,,K,v3,unbalanced,garble
koso,koso,1,I,,0,,,K,v3,,
koto,koto,5,B|I,,1,,""" thing "" ;; <Imperative> ;; <to iu koto wa> ;; [ nominalizer ]",K,v1|v3,,
koto de,koto de,1,,,0,,,K,,missing_ref,missing_only
koto ga aru ',koto ga aru,1,B,,2,koto ga aru '|koto ga aru²,""" there was a time when~""",K,v1,,collision
koto ga aru²,koto ga aru,1,B,,2,koto ga aru '|koto ga aru²,""" there are times when~""",K,v1,,collision
koto ga dekiru,koto ga dekiru,3,A|B|I,553,0,,<uru/eru> ;; <wake ni wa ikanai>,K,v1|v2,,
koto ka,koto ka,1,A,230,0,,,K,v1,,
koto kara,koto kara,2,A,233|645,0,,<tokoro kara>,K,v1,,
koto ni,koto ni,2,A,185|235,0,,<kana>,K,v1,,
koto ni kimeru,koto ni kimeru,1,B,,0,,<koto ni suru>,K,v1,,
"koto ni naru B ,","koto ni naru B ,",1,I,,0,,,K,v1,,
koto ni natte iru,koto ni natte iru,1,B,,0,,<koto ni naru>,K,v1,,
koto ni shite iru,koto ni shite iru,1,B,,0,,<koto ni suru>,K,v1,,
koto ni suru,koto ni suru,1,B,,0,,,K,v1,,
koto ni yori/yotte,koto ni yori/yotte,1,I,,0,,<koto de>,K,v3,,
koto ni yoru,koto ni yoru,1,I,,0,,,K,v1,,
koto wa,koto wa,3,B|I,,1,,""" indeed - but "" ;; <-nai koto mo/wa nai> ;; <wa>",K,v1|v3,,
-koto wa ga,-koto wa ga,1,,,0,,<tashikani~ga>,K,,missing_ref,missing_only
koto wa nai,koto wa nai,1,I,,0,,,K,v3,,
ku,ku,1,A,148,0,,,K,v2,,
kudasai,kudasai,2,B|I,,0,,<o~kudasai>,K,v1,,
kudasaru,kudasaru,3,B,,0,,<kudasai> ;; <kureru '> ;; <kureru>,K,v1,,
kun,kun,1,B,,0,,,K,v1,,
"kurai B ,","kurai B ,",1,I,,0,,,K,v1,,
kureru¹,kureru,1,B,,2,kureru|kureru¹,""" s.o. gives s.t. to me """,K,v1,,collision
kureru,kureru,2,B|I,,2,kureru|kureru¹,""" s.o. gives me a favor by doing s.t . "" ;; <yaru>",K,v1,,collision
kuru¹,kuru,1,B,,2,kuru²|kuru¹,""" come """,K,v1,,collision
kuru²,kuru,1,B,,2,kuru²|kuru¹,""" begin to ; come to """,K,v1,,collision
kuse ni,kuse ni,1,I,,0,,,K,v3,,
kute,kute,1,I,,0,,<-ku>,K,v1,,
kuwaete,kuwaete,2,A,209|240,0,,<katsu>,K,v1,,
machigai naku,machigai naku,1,A,750,0,,<zu ni wa okanai>,M,v1,,
mada,mada,2,A|B,344,0,,<nao>,M,v1,,
made,made,2,B|I,,0,,<sae>,M,v1,,
made de,made de,1,B,,0,,<made ni>,M,v1,,
made mo nai,made mo nai,1,I,,0,,,M,v1,,
made ni,made ni,1,B,,0,,,M,v1,,
made (no koto) da,made (no koto) da,1,A,243,0,,,M,v1,,
mae,mae,1,I,,0,,<-bun>,M,v1,,
mae kara,mae kara,1,I,,0,,<-rai>,M,v3,,
mae ni,mae ni,2,B,,0,,<ni atatte/atari>,M,v1|v3,,
mai,mai,3,B|I,,0,,<de arō>,M,v1,missing_ref,missing_only
mama,mama,3,A|B|I,219,0,,<(k) kiri> ;; <-ppanashi>,M,v1,,
mama (de),mama (de),1,A,580,0,,<ta nari (de)>,M,v1,,
mamire,mamire,1,I,,0,,<-darake>,M,v1,,
marude,marude,3,A,21|526|534,0,,<atakamo> ;; <oyoso> ;; <samo>,M,v1,,
masaka,masaka,2,B,,0,,<yahari>,M,v1|v3,,
mashida,mashida,1,,,0,,,M,,missing_ref,missing_only
mashite (ya),mashite (ya),1,A,245,0,,,M,v1,,
mashō,mashō,1,B,,0,,,M,v1,,
masumasu,masumasu,1,A,146,0,,<ippo (da)>,M,v1,,
mata,mata,2,A,209|248,0,,<katsu>,M,v1,,
mata wa,mata wa,4,A|I,16|285|307,0,,<aruiwa> ;; <moshikuwa> ;; <naishi (wa)>,M,v1,,
mattaku,mattaku,1,A,526,0,,<oyoso>,M,v1,,
mattaku nai,mattaku nai,5,A,159|252|328|334|658,0,,<issai - nai> ;; <metta ni~nai> ;; <nani- nai> ;; <nanra- nai> ;; <totemo - nai>,M,v1,,
me,me,1,I,,0,,,M,v3,,
megutte/meguru,megutte/meguru,1,,,0,,,M,,missing_ref,missing_only
meimei,meimei,1,I,,0,,<sorezore>,M,v1,,
men,men,2,I,,0,,<ten (de)>,M,v1|v3,,
metta ni,metta ni,1,B,,0,,<amari>,M,v1,,
metta ni- na,metta ni- na,1,A,252,0,,,M,v1,,
mi,mi,1,B,,0,,<-sa>,M,v1,,
mieru,mieru,1,B,,0,,,M,v1,,
minna wa- nai,minna wa- nai,1,I,,0,,<kanarazushimo>,M,v1,,
mirareru,mirareru,1,B,,0,,<mieru>,M,v1,,
miru,miru,1,B,,0,,,M,v1,,
miru kara ni,miru kara ni,1,A,254,0,,,M,v1,,
miseru,miseru,1,I,,0,,,M,v1,,
mitaida,mitaida,2,A|B,103,0,,<gotoshi> ;; <yōda>,M,v1,,
mo,mo,6,A|B|I,423|63,2,mo|mo²,""" also "" ;; <datte '> ;; <ni shita tokoro de> ;; <sae>",M,v1,missing_ref,collision;missing_only
mo²,mo,1,B,,2,mo|mo²,""" even """,M,v3,,collision
mō,mō,1,A,540,0,,<sara ni>,M,v1,,
mo~ba,mo~ba,1,I,,0,,,M,v1,,
"mo mo B ,","mo mo B ,",1,I,,0,,,M,v1,,
~mo mo,~mo mo,1,A,628,0,,<~to ii- to ii>,M,v1,,
mon,mon,1,B,,0,,<mono (da)>,M,v1,,
mono,mono,1,B,,0,,<koto '>,M,v1,,
"mono (da) B ,","mono (da) B ,",1,I,,0,,,M,v1,,
mono da,mono da,1,I,,0,,<bekida>,M,v1,,
mono de wa nai,mono de wa nai,1,A,263,0,,,M,v1,,
mono ka¹,mono ka,1,A,266,2,mono ka²|mono ka¹,""" definitely not """,M,v1,,collision
mono ka²,mono ka,1,A,268,2,mono ka²|mono ka¹,""" wonder if """,M,v1,,collision
mono nara,mono nara,1,A,272,0,,,M,v1,,
mono no,mono no,1,A,274,0,,,M,v1,,
mono o,mono o,1,A,279,0,,,M,v1,,
"morau receive receive a favor of doing s t "" B morau","morau receive receive a favor of doing s t "" B morau",1,,,0,,""" "" "" .. ......... B morau² "" <yaru>",M,,merged_suspect;missing_ref;unbalanced,garble
mo saru koto nagara,mo saru koto nagara,1,A,283,0,,,M,v1,,
moshi (mo),moshi (mo),1,A,201,0,,<kari ni>,M,v1,,
moshikuwa,moshikuwa,3,A,16|285|307,0,,<aruiwa> ;; <naishi (wa)>,M,v1,,
mo sugu,mo sugu,1,,,0,,<sugu>,M,,missing_ref,missing_only
mō sukoshi/chotto de suru tokoro,mō sukoshi/chotto de suru tokoro,1,,,0,,,M,,missing_ref,missing_only
(datta),(datta),1,I,,0,,<-sō ni naru>,M,v1,,
motomoto no,motomoto no,1,A,550,0,,<somosomo (no)>,M,v1,,
motte iru,motte iru,1,B,,0,,<aru '>,M,v1,,
motto,motto,3,A|I,344|540,0,,<nao> ;; <sara ni> ;; <yori>,M,v1,,
mottomo,mottomo,3,A,288|499|570,0,,<o oite hoka ni (wa) - nai> ;; <tada>,M,v1,,
mo ba mo,mo ba mo,1,A,258,0,,[ V ] [ V ],M,v1,,
mo shi~mo,mo shi~mo,1,A,258,0,,[ V ] [ V ] <~mo [ V ] ba 2~mo [ V ]>,M,v1,,
muke,muke,1,A,291,0,,,M,v1,,
mukete/muketa ni mukete/muketa,mukete/muketa ni mukete/muketa,1,,,0,,,M,,missing_ref,missing_only
muki,muki,1,A,291,0,,<-muke>,M,v1,,
mushiro,mushiro,3,A|I,295|78,0,,<dochira ka to iu to> ;; <kaette>,M,v1,,
na,na,2,A|B,230,0,,<koto ka>,N,v1,,
nā,nā,1,A,230,0,,,N,v2,,
nado,nado,2,A|B,339,0,,<nante '>,N,v1,,
nado no,nado no,1,A,629,0,,<to itta>,N,v1,,
nado to,nado to,1,I,,0,,,N,v1,,
nado to iu mono de wa nai,nado to iu mono de wa nai,1,A,465,0,,<no nan no tte>,N,v1,,
nagara,nagara,2,B,,0,,<tsutsu>,N,v1|v3,,
nagara (mo),nagara (mo),1,I,,0,,,N,v3,,
nai,nai,1,I,,0,,<-nu>,N,v3,,
nai de,nai de,5,A|B|I,362|753,0,,<(no) kawari ni> ;; <kudasai> ;; <nashi ni> ;; <zu shite>,N,v1,,
nai de kudasai,nai de kudasai,1,A,29,0,,<bekarazu/bekarazaru>,N,v1,,
nai de mo,nai de mo,1,A,755,0,,<zu tomo>,N,v1,,
nai de mo nai,nai de mo nai,1,A,300,0,,,N,v1,,
nai koto mo nai,nai koto mo nai,1,A,300,0,,<nai de mo nai>,N,v1,,
nai koto mo/wa nai,nai koto mo/wa nai,1,I,,0,,,N,v1,,
nai koto ni wa,nai koto ni wa,1,A,303,0,,,N,v1,,
nai made mo,nai made mo,1,A,305,0,,,N,v1,,
naishi (wa),naishi (wa),1,A,307,0,,,N,v1,,
nai to ikenai,nai to ikenai,1,B,,0,,<-nakereba naranai>,N,v1,,
nai wake ni (wa) ikanai,nai wake ni (wa) ikanai,1,I,,0,,<zaru o enai>,N,v1,,
nai yōni shite kudasai,nai yōni shite kudasai,1,A,29,0,,<bekarazu/bekarazaru>,N,v1,,
nakanaka,nakanaka,1,I,,0,,,N,v1,,
naka o,naka o,1,A,312,0,,,N,v1,,
nakattara,nakattara,1,A,303,0,,<nai koto ni wa>,N,v1,,
nakereba,nakereba,1,A,303,0,,<nai koto ni wa>,N,v1,,
nakereba ikenai,nakereba ikenai,1,A,734,0,,<yori/no hoka (ni) (wa)~nai>,N,v1,,
nakereba naranai,nakereba naranai,6,A|B|I,734,0,,<-neba naranai> ;; <bekida> ;; <wake ni wa ikanai> ;; <yori/no hoka (ni) (wa) nai> ;; <zaru o enai>,N,v1,,
naku,naku,1,I,,0,,,N,v1,,
naku mo nai,naku mo nai,1,A,300,0,,<nai de mo nai>,N,v1,,
naku naru,naku naru,1,B,,0,,,N,v1,,
nakushite (wa),nakushite (wa),1,A,315,0,,,N,v1,,
naku (t) cha,naku (t) cha,1,B,,0,,<-nakereba naranai>,N,v1,,
nakute,nakute,1,B,,0,,,N,v1,,
nakute mo,nakute mo,1,A,755,0,,<zu tomo>,N,v1,,
nakute wa,nakute wa,1,A,303,0,,<nai koto ni wa>,N,v1,,
nakute wa ikenai,nakute wa ikenai,1,B,,0,,<-nakereba naranai>,N,v1,,
nakute wa naranai,nakute wa naranai,1,B,,0,,<-nakereba naranai>,N,v1,,
namaji (kka),namaji (kka),1,A,318,0,,,N,v1,,
nami,nami,1,A,323,0,,,N,v1,,
nan mo,nan mo,1,A,326,0,,[ (Number) + Counter ],N,v1,,
nandemo,nandemo,1,I,,0,,,N,v1,,
nan (i) ka no,nan (i) ka no,1,A,333,0,,<nanraka no>,N,v1,,
nani nai,nani nai,1,A,328,0,,,N,v1,,
nani mo~nai,nani mo~nai,2,A,331|334,0,,<nanra~nai>,N,v1,,
nanishiro,nanishiro,1,I,,0,,,N,v3,,
nanka,nanka,2,A|B,339,0,,<nado> ;; <nante '>,N,v1,,
nan no tteno nan no tte,nan no tteno nan no tte,1,,,0,,,N,,missing_ref,missing_only
nanra- nai,nanra- nai,1,A,333,0,,,N,v1,,
nanraka no,nanraka no,1,A,333,0,,,N,v3,,
nante,nante,1,A,337,1,,""" what """,N,v1,,
"nante things like "" 339 nante mon ja nai 465 nan te/to no/n da (ro)","nante things like "" 339 nante mon ja nai 465 nan te/to no/n da (ro)",1,A,230,0,,""" "" <no nan no tte> <koto ka>",N,v1,merged_suspect;unbalanced,garble
nanto,nanto,1,A,135,0,,<ikani>,N,v1,,
nan to ka,nan to ka,2,A|I,341,0,,<yatto>,N,v1,,
nao,nao,3,A,540|570,0,,<sara ni> ;; <tada>,N,v1|v2,,
naosara,naosara,1,A,348,0,,,N,v3,,
nara,nara,1,B,,0,,,N,v1,,
(no) nara,(no) nara,1,A,615,0,,<to atte wa>,N,v1,,
narabi ni,narabi ni,1,A,353,0,,,N,v1,,
nara de wa (no),nara de wa (no),1,A,350,0,,,N,v1,,
naranai,naranai,1,I,,0,,,N,v1,,
nari,nari,2,A,355|706,0,,<ya ina ya>,N,v1,,
nari~nari,nari~nari,1,I,,0,,,N,v3,,
nari ni,nari ni,1,I,,0,,,N,v1,,
nari ni/no,nari ni/no,1,A,559,0,,<sore nari ni/no>,N,v1,,
naru,naru,1,B,,0,,<o ni naru>,N,v1,,
naruhodo,naruhodo,1,A,359,0,,,N,v1,,
nasai,nasai,2,B|I,,0,,<Imperative>,N,v1,,
nashi de,nashi de,1,A,452,0,,<ni yorazu>,N,v1,,
nashi de (wa),nashi de (wa),1,A,315,0,,<nakushite (wa)>,N,v1,,
nashi de wa,nashi de wa,1,I,,0,,,N,v1,,
nashi ni,nashi ni,1,A,362,0,,,N,v1,,
nashi ni (wa),nashi ni (wa),1,A,315,0,,<nakushite (wa)>,N,v1,,
nashi ni wa,nashi ni wa,1,I,,0,,<nashi de wa>,N,v1,,
nasu,nasu,1,A,365,0,,,N,v1,,
naze ka,naze ka,1,A,370,0,,,N,v1,,
naze ka to iu to,naze ka to iu to,1,A,640,0,,<to iu no wa>,N,v1,,
naze ka to iu to~kara da,naze ka to iu to~kara da,1,A,371,0,,<naze nara (ba) kara da>,N,v1,,
naze nara (ba)~kara da,naze nara (ba)~kara da,1,A,371,0,,,N,v1,,
n bakari (ni),n bakari (ni),1,A,374,0,,,N,v3,,
In da,In da,1,A,374,0,,<no da>,N,v1,,
n desu,n desu,1,B,,0,,<no da>,N,v1,,
ne,ne,2,B|I,,0,,<sa>,N,v1,,
ně,ně,1,A,230,0,,<koto ka>,N,v1,,
neba naranai,neba naranai,2,B|I,,0,,<-nakereba naranai>,N,v1,,
negau/negaimasu,negau/negaimasu,1,A,377,0,,,N,v1,,
ni¹,ni,1,B,,1,ni|ni '|ni²|ni³|ni¹,[ point of time ],N,v1,,collision
ni²,ni,1,B,,1,ni|ni '|ni²|ni³|ni¹,[ indirect object marker ],N,v1,,collision
ni³,ni,1,B,,1,ni|ni '|ni²|ni³|ni¹,[ agent/source marker ],N,v1,,collision
ni,ni,7,B|I,,1,ni|ni '|ni²|ni³|ni¹,"<ni oite/okeru> ;; <ni wa> ;; <ni yotte/yori> ;; <to '> "" and "" ;; [ direct contract ] ;; [ purpose ]",N,v1|v3,,collision
ni ',ni,2,B,,1,ni|ni '|ni²|ni³|ni¹,[ direction ] ;; [ location (existence) ],N,v1,,collision
ni atatte/atari,ni atatte/atari,1,I,,0,,,N,v1,,
ni chigainai,ni chigainai,2,A|B,395,0,,<ni kimatte iru>,N,v1,,
ni hanshite,ni hanshite,1,A,107,0,,<hanmen>,N,v1,,
ni hanshite/hansuru,ni hanshite/hansuru,1,I,,0,,,N,v1,,
ni hikikae,ni hikikae,2,A|I,380,0,,<ni hanshite/hansuru>,N,v1,,
ni hokanaranai,ni hokanaranai,1,I,,0,,,N,v1,,
ni itatte wa,ni itatte wa,1,A,384,0,,,N,v1,,
ni kagirazu,ni kagirazu,2,A|I,461,0,,<nomi narazu>,N,v1,,
ni kagitte,ni kagitte,1,A,386,0,,,N,v1,,
ni kakawarazu,ni kakawarazu,1,A,514,0,,,N,v2,,
ni kakawarazu 514,ni kakawarazu 514,1,A,447,0,,<o towazu>,N,v1,,
ni kakete,ni kakete,1,A,391,0,,<ni watatte/wataru>,N,v1,,
ni ni kankei kakete naku wa,ni ni kankei kakete naku wa,1,A,514,0,,<o towazu>,N,v1,,
ni kanshite,ni kanshite,1,A,486,0,,<o megutte/meguru>,N,v1,,
ni kanshite wa,ni kanshite wa,1,A,391,0,,<ni kakete wa>,N,v1,,
ni kanshite/kansuru,ni kanshite/kansuru,1,I,,0,,,N,v1,,
ni katakunai,ni katakunai,1,A,393,0,,,N,v1,,
ni kawatte,ni kawatte,1,I,,0,,,N,v1,,
ni kimatte iru,ni kimatte iru,1,A,395,0,,,N,v1,,
ni kimeru,ni kimeru,1,B,,0,,<ni suru>,N,v1,,
ni koshita koto wa nai,ni koshita koto wa nai,1,A,398,0,,,N,v1,,
nikui,nikui,3,B,,0,,<-gatai> ;; <-kaneru>,N,v1|v3,,
ni kuraberu to/kurabete,ni kuraberu to/kurabete,2,A,380,0,,<ni hikikae>,N,v1|v3,,
ni mo,ni mo,2,A,235|730,0,,<koto ni> ;; <yo ni mo (~nai)>,N,v1,,
ni mo kakawarazu,ni mo kakawarazu,3,A|I,493,0,,<kuse ni> ;; <o mono to mo sezu>,N,v1,missing_ref,missing_only
(sore) ni mo kakawarazu,(sore) ni mo kakawarazu,2,I,,0,,<shika mo> ;; <sore demo>,N,v1,,
ni (mo) naku,ni (mo) naku,1,A,411,0,,,N,v1,,
ni motozuite/motozuku,ni motozuite/motozuku,1,I,,0,,,N,v1,,
ni mukatte,ni mukatte,1,A,404,0,,<ni mukete/muketa>,N,v1,,
ni mukete/muketa,ni mukete/muketa,1,A,404,0,,,N,v1,,
~ni~nai,~ni~nai,1,A,408,0,,,N,v1,,
ni naru to,ni naru to,1,I,,0,,,N,v3,,
ni oite/okeru,ni oite/okeru,1,I,,0,,,N,v1,,
ni ōjite/ōjita,ni ōjite/ōjita,1,A,412,0,,,N,v1,,
ni saishite,ni saishite,1,I,,0,,<ni atatte/atari>,N,v1,,
ni shiro/seyo,ni shiro/seyo,1,A,418,0,,,N,v1,,
ni shitagatte/shitagai,ni shitagatte/shitagai,2,I,,0,,<to tomo ni>,N,v1,,
ni shita tokoro de,ni shita tokoro de,2,A,423|432,0,,<ni shite kara ga>,N,v1,,
ni shite ',ni shite,1,A,426,0,,[ period of time ],N,v1,,collision
"ni shite both~and "" 429 ni shite kara ga 432 ni shite mo","ni shite both~and "" 429 ni shite kara ga 432 ni shite mo",1,A,435,0,,""" """,N,v1,merged_suspect;unbalanced,garble
ni shite mo,ni shite mo,1,A,418,0,,<ni shiro/seyo>,N,v1,,
ni shite wa,ni shite wa,2,A|B,697,0,,<wari ni (wa)>,N,v1,,
ni suginai,ni suginai,3,A|I,586,0,,<ni hokanaranai> ;; <tan ni>,N,v1,,
ni suru,ni suru,2,B|I,,0,,<to suru '>,N,v1,,
ni taishite,ni taishite,2,A,107|380,0,,<hanmen> ;; <ni hikikae>,N,v1,,
ni taishite/taishi,ni taishite/taishi,2,I,,0,,<ni hanshite/hansuru>,N,v1|v3,,
ni todomarazu,ni todomarazu,1,A,440,0,,,N,v1,,
ni tomonatte,ni tomonatte,1,I,,0,,<to tomo ni>,N,v1,,
ni/to mo nareba,ni/to mo nareba,1,A,401,0,,<ni/to mo naru to>,N,v1,,
ni/to mo naru to,ni/to mo naru to,1,A,401,0,,,N,v1,,
ni/to naru,ni/to naru,1,A,365,0,,<nasu>,N,v1,,
ni totte,ni totte,1,I,,0,,,N,v1,,
ni tsuite,ni tsuite,3,A|I,486,0,,<ni kanshite/kansuru> ;; <o megutte/meguru>,N,v1,missing_ref,missing_only
ni tsuite (wa),ni tsuite (wa),1,A,674,0,,<tsuite wa>,N,v1,,
ni tsuite wa,ni tsuite wa,1,A,391,0,,<ni kakete wa>,N,v1,,
ni tsuke,ni tsuke,1,A,444,0,,,N,v1,,
ni tsuki,ni tsuki,2,I,,0,,<de>,N,v3,,
ni tsurete/tsure,ni tsurete/tsure,3,I,,0,,<ni shitagatte/shitagai> ;; <to tomo ni>,N,v1,,
ni wa,ni wa,2,I,,0,,<ni totte>,N,v1,,
ni wa oyobanai,ni wa oyobanai,1,I,,0,,<made mo nai>,N,v1,,
ni watatte/wataru,ni watatte/wataru,1,A,447,0,,,N,v1,,
ni yorazu,ni yorazu,2,A,452|514,0,,<o towazu>,N,v1,,
ni yoreba,ni yoreba,1,A,459,0,,<ni yoru to>,N,v1,,
ni yoru,ni yoru,1,I,,0,,<shidai>,N,v3,,
ni yoru to,ni yoru to,1,A,459,0,,,N,v1,,
ni yoru/yotte,ni yoru/yotte,1,A,128,0,,<ikan (da)>,N,v1,,
ni yotte,ni yotte,1,A,412,0,,<ni ōjite/ōjita>,N,v1,,
ni yotte/yor,ni yotte/yor,1,I,,0,,,N,v3,,
ni yotte/yori,ni yotte/yori,2,A,452|479,0,,<ni yorazu> ;; <o kaishite/kaishita>,N,v1,,
no ',no,2,B,,1,no|no ',[ nominalizer ] ;; [ possessive marker ],N,v1,,collision
no,no,2,B,,1,no|no ',""" one (pronoun) "" ;; [ sentence - final particle ]",N,v1,,collision
no~nai no tte,no~nai no tte,1,A,465,0,,<no nan no tte>,N,v1,,
no no to,no no to,1,A,470,0,,,N,v1,,
no ba'ai (wa),no ba'ai (wa),1,A,384,0,,<ni itatte wa>,N,v1,,
nochi (ni),nochi (ni),1,A,562,0,,<sue (ni)>,N,v1,,
no da,no da,2,B|I,,0,,<wake da>,N,v1|v3,,
node,node,9,A|B|I,233|371|612|645|745,0,,<(no) kawari ni> ;; <koto de> ;; <koto kara> ;; <naze nara (ba) - kara da> ;; <to atte> ;; <toka de> ;; <tokoro kara> ;; <yue ni>,N,v1,,
(na) node,(na) node,1,A,615,0,,<to atte wa>,N,v1,,
no desu,no desu,1,B,,0,,<no da>,N,v1,,
no hō ga,no hō ga,1,B,,0,,<- hō ga~yori>,N,v1,,
no hoka (ni) (wa)~nai,no hoka (ni) (wa)~nai,1,,,0,,,N,,missing_ref,missing_only
>> yori/no hoka (ni) (wa)~nai,>> yori/no hoka (ni) (wa)~nai,1,A,734,0,,,N,v3,unbalanced,garble
no hoka ni- nai,no hoka ni- nai,1,A,499,0,,<o oite hoka ni (wa)~nai>,N,v1,,
no kankei de,no kankei de,1,I,,0,,,N,v3,,
no koto,no koto,3,I,,0,,<ni kanshite/kansuru> ;; <ni tsuite>,N,v1|v3,,
no koto da kara,no koto da kara,1,I,,0,,,N,v1,,
nomi,nomi,1,I,,0,,,N,v1,,
nomi narazu,nomi narazu,3,A,440|461|694,0,,<ni todomarazu> ;; <wa oroka>,N,v1,,
no moto de,no moto de,1,I,,0,,,N,v1,,
no nan no tte,no nan no tte,1,A,465,0,,,N,v1,,
no nasa,no nasa,1,A,468,0,,,N,v1,,
noni¹,noni,1,B,,2,noni|noni²|noni¹,""" even though """,N,v1,,collision
noni²,noni,1,B,,2,noni|noni²|noni¹,""" in the process of doing """,N,v1,,collision
noni,noni,8,A|I,279,2,noni|noni²|noni¹,<daga> ;; <kuse ni> ;; <mono o> ;; <nagara (mo)> ;; <ni mo kakawarazu> ;; <ni wa> ;; <ni> ;; <to iu noni>,N,v1|v3,missing_ref,collision;missing_only
no tame (ni),no tame (ni),1,I,,0,,<no kankei de>,N,v1,,
no tame ni,no tame ni,2,A|I,404,0,,<ni mukete/muketa> ;; <ni yotte/yori>,N,v1,,
no ten de,no ten de,1,A,190,0,,<kara itte>,N,v1,,
no ue de wa,no ue de wa,1,I,,0,,,N,v1,,
no wa da,no wa da,1,B,,0,,,N,v1,,
no wa~no koto da,no wa~no koto da,1,I,,0,,,N,v1,,
no yōna,no yōna,1,A,622,0,,<to demo iu beki>,N,v1,,
n to suru,n to suru,1,A,474,0,,,N,v1,,
nu,nu,1,I,,0,,,N,v1,,
o ',o,1,B,,0,o '|o²|o³,[ direct object marker ],N,v1,,collision
o²,o,1,B,,0,o '|o²|o³,[ space marker ],N,v1,,collision
o³,o,1,B,,0,o '|o²|o³,[ a point of detachment ],N,v1,,collision
o *,o *,1,B,,0,,[ emotive marker ],N,v1,,
O,O,1,B,,0,,,N,v1,short_term,garble
oda,oda,1,I,,0,,,N,v1,,
o~kudasai,o~kudasai,1,I,,0,,,N,v1,,
oni naru,oni naru,1,B,,0,,,N,v1,,
o~ni naru,o~ni naru,1,I,,0,,<o~da>,N,v1,,
0~suru,0~suru,1,B,,0,,,N,v1,,
o chushin ni,o chushin ni,1,A,477,0,,,N,v1,,
o chushin to/ni shite,o chushin to/ni shite,1,A,477,0,,<o chūshin ni>,N,v1,,
o hajime (to shite),o hajime (to shite),1,I,,0,,,N,v1,,
oi,oi,1,B,,0,,,N,v1,,
oite hoka ni (wa)~nai,oite hoka ni (wa)~nai,1,,,0,,,N,,missing_ref,missing_only
okage,okage,1,I,,0,,<sei>,N,v1,,
o kaishite/kaishita,o kaishite/kaishita,1,A,479,0,,,N,v1,,
oki ni,oki ni,1,B,,0,,<goto ni>,N,v1,,
okinji enai,okinji enai,1,A,483,0,,,N,v1,,
o kinzu (ru),o kinzu (ru),1,A,29,0,,<bekarazu/bekarazaru>,N,v1,,
okonau,okonau,1,A,365,0,,<nasu>,N,v1,,
oku,oku,1,B,,0,,,N,v1,,
omake ni,omake ni,3,I,,0,,<shika mo> ;; <sono ue> ;; <sore ni>,N,v3,,
o megutte/meguru,o megutte/meguru,1,A,486,0,,,N,v1,,
o mezashite,o mezashite,1,A,404,0,,<ni mukete/muketa>,N,v1,,
omoeba,omoeba,1,A,492,0,,,N,v1,,
omoikitte,omoikitte,1,A,3,0,,<aete>,N,v1,,
o mokuhyō ni,o mokuhyō ni,1,A,404,0,,<ni mukete/muketa>,N,v1,,
o mono to mo sezu,o mono to mo sezu,1,A,493,0,,,N,v1,,
o moto ni (shite),o moto ni (shite),1,I,,0,,<ni motozuite/motozuku>,N,v1,,
omou ni,omou ni,1,A,496,0,,,N,v1,,
omowareru,omowareru,1,I,,0,,,N,v1,,
omowazu,omowazu,1,A,668,0,,<tsui>,N,v1,,
ōmune,ōmune,1,A,526,0,,<oyoso>,N,v1,,
ono'ono,ono'ono,1,I,,0,,<sorezore>,N,v3,,
o nozoite,o nozoite,1,A,685,0,,<wa betsu to shite>,N,v1,,
o oite hoka ni (wa) 2 nai,o oite hoka ni (wa) 2 nai,1,A,499,0,,,N,v1,,
ori,ori,1,I,,0,,,N,v1,,
ori (ni),ori (ni),1,A,502,0,,,N,v1,,
ori ni,ori ni,1,I,,0,,<sai (ni)>,N,v3,,
oroka wa oroka,oroka wa oroka,1,,,0,,,N,,missing_ref,missing_only
osore ga aru,osore ga aru,1,A,509,0,,,N,v1,,
ō to omou,ō to omou,1,B,,0,,<-yō to omou>,N,v1,,
o tōshite,o tōshite,2,A|I,479,0,,<o kaishite/kaishita>,N,v1,,
o towazu,o towazu,1,A,514,0,,,N,v1,,
o tsujite,o tsujite,1,I,,0,,<o tōshite>,N,v1,,
o tsukatte,o tsukatte,1,B,,0,,<de>,N,v1,,
o Vmasu kudasai,o Vmasu kudasai,1,A,377,0,,<negau/negaimasu>,N,v1,,
owaru,owaru,1,B,,0,,,N,v1,,
oyobi,oyobi,2,A,353|521,0,,<narabi ni>,N,v1,,
oyoso,oyoso,1,A,526,0,,,N,v1,,
o yoso ni,o yoso ni,1,A,531,0,,,N,v1,,
ōzei,ōzei,1,B,,0,,<ōi>,N,v1,,
ppanashi,ppanashi,1,I,,0,,,P,v3,,
ppoi,ppoi,1,A,337,0,,,P,v2,,
ra,ra,1,B,,0,,<-tachi>,R,v1,,
rai,rai,1,I,,0,,,R,v1,,
rarenai,rarenai,1,I,,0,,<wake ni wa ikanai>,R,v1,,
rareru ',rareru,1,B,,1,rareru|rareru '|rareru²,[ passive ],R,v1,,collision
rareru²,rareru,1,B,,1,rareru|rareru '|rareru²,""" can (potential) """,R,v1,,collision
rareru,rareru,2,I,,1,rareru|rareru '|rareru²,<o~da> ;; <uru/eru>,R,v1,,collision
rashii,rashii,2,B|I,,0,,<-ppoi>,R,v1,,
rei no,rei no,1,I,,0,,,R,v1,,
"Relative Clause B ,","Relative Clause B ,",1,I,,0,,,R,v1,,
reru,reru,1,B,,0,,<rareru '>,R,v1,,
Rhetorical Question,Rhetorical Question,1,I,,0,,,R,v1,,
rokuni~nai,rokuni~nai,1,I,,0,,,R,v3,,
sa,sa,2,B|I,,0,,,S,v1,,
sā,sā,1,A,543,0,,<sate>,S,v1,,
sae,sae,2,A|I,54,0,,<dani>,S,v1,,
(de) sae,(de) sae,1,A,199,0,,<kara shite>,S,v1,,
sai,sai,1,A,502,0,,<ori (ni)>,S,v1,,
saigo made,saigo made,1,A,11,0,,<akumade mo>,S,v1,,
sai (ni),sai (ni),2,I,,0,,<ni atatte/atari>,S,v1,,
sama,sama,1,B,,0,,,S,v1,,
samo,samo,1,A,534,0,,,S,v3,,
samo nakuba,samo nakuba,1,A,307,0,,<naishi (wa)>,S,v1,,
san,san,1,B,,0,,<-sama>,S,v1,,
sappari,sappari,1,B,,0,,<amari>,S,v1,,
sara ni,sara ni,3,A,209|344|540,0,,<katsu> ;; <nao>,S,v1,,
sara ni (wa),sara ni (wa),1,A,114,0,,<hiite wa>,S,v1,,
saru koto nagara,saru koto nagara,1,,,0,,,S,,missing_ref,missing_only
saserareru,saserareru,1,B,,0,,<saseru>,S,v1,,
saseru,saseru,1,B,,0,,,B,v3,,
sashiageru,sashiageru,1,B,,0,,<ageru '>,B,v3,,
sasuga,sasuga,1,I,,0,,,B,v3,,
sasuga (ni),sasuga (ni),1,B,,0,,<yahari>,B,v1,,
sate,sate,1,A,543,0,,,B,v1,,
sazo (kashi),sazo (kashi),1,A,547,0,,,B,v1,,
sei,sei,1,I,,0,,,B,v1,,
sekkaku,sekkaku,1,B,,0,,,B,v1,,
semete,semete,1,I,,0,,,B,v1,,
seru,seru,1,B,,0,,<saseru>,B,v1,,
setsu (ni),setsu (ni),1,A,502,0,,<ori (ni)>,B,v1,,
shi,shi,2,B,,0,,,B,v1,duplicate,
shidai,shidai,2,A,128,0,,<ikan (da)>,B,v1,missing_ref,missing_only
shidai de,shidai de,1,A,412,0,,<ni ōjite/ōjita>,B,v1,,
shiite,shiite,1,A,3,0,,<aete>,B,v1,,
shika,shika,1,B,,0,,,B,v1,,
shika mo,shika mo,1,I,,0,,,B,v1,,
shika nai,shika nai,1,I,,0,,<zaru o enai>,B,v1,,
shikashi,shikashi,8,A|B|I,288|635,0,,<(no) kawari ni> ;; <daga> ;; <g> ;; <kawari ni> ;; <mottomo> ;; <sō ka to itte> ;; <to itte> ;; <tokoro ga>,B,v1,,
shikashi nagara,shikashi nagara,1,A,635,0,,<to itte>,B,v1,,
shikata ga nai te shikata ga nai,shikata ga nai te shikata ga nai,1,,,0,,,B,,missing_ref,missing_only
shimau,shimau,1,B,,0,,,B,v1,,
shinpai ga aru,shinpai ga aru,1,A,509,0,,<osore ga aru>,B,v1,,
shiru,shiru,1,B,,0,,,B,v1,,
shitagatte,shitagatte,2,A|I,745,0,,<yue ni>,B,v1,,
shunkan ni,shunkan ni,1,A,706,0,,<ya ina ya>,B,v1,,
sõda,sõda,1,B,,0,,[ hearsay ],B,v1,,
sōda²,sōda,1,B,,1,,""" looks """,B,v1,,collision
sō ka to itte,sō ka to itte,2,A|I,635,0,,<to itte>,B,v1,,
soko de ',soko de,1,I,,0,soko de '|soko de²,,B,v3,,collision
soko de²,soko de,1,I,,0,soko de '|soko de²,,B,v3,,collision
soko o,soko o,1,I,,0,,,B,v1,,
somosomo (no),somosomo (no),1,A,550,0,,,B,v1,,
sō ni naru,sō ni naru,1,I,,0,,,B,v1,,
sono mono,sono mono,1,A,553,0,,,B,v1,,
sono tame,sono tame,1,A,674,0,,<tsuite wa>,B,v1,,
sono ue,sono ue,4,A|I,209|540,0,,<katsu> ;; <sara ni> ;; <shika mo>,B,v1,,
sono ue (ni),sono ue (ni),1,A,240,0,,<kuwaete>,B,v1,,
sore dake,sore dake,1,A,557,0,,,B,v1,,
sore de,sore de,2,B|I,,0,,<soko de '>,B,v1,,
sore de ite,sore de ite,1,,,0,,<shika mo>,B,,missing_ref,missing_only
sore demo,sore demo,1,I,,0,,,B,v3,,
sore de wa,sore de wa,1,B,,0,,,B,v1,,
sore dokoroka,sore dokoroka,1,I,,0,,,B,v1,,
sore ga,sore ga,2,I,,0,,<tokoro ga>,B,v1,missing_ref,missing_only
sore kara,sore kara,2,B,,0,,<sore to>,B,v1|v3,,
sore mo,sore mo,2,,,0,,<shika mo>,B,,missing_ref,missing_only
sore nara,sore nara,1,B,,0,,,B,v1,,
sore nari ni/no,sore nari ni/no,1,A,559,0,,,B,v1,,
sore ni,sore ni,4,I,,0,,<shika mo> ;; <sono ue> ;; <sore to>,B,v3,,
sore to,sore to,1,I,,0,,,B,v1,,
soretomo,soretomo,4,A|B,16|285,0,,<aruiwa> ;; <mata wa> ;; <moshikuwa>,B,v1|v2,,
sore wa,sore wa,2,I,,0,,<sore ga>,B,v1|v3,,
sore yue,sore yue,1,A,674,0,,<tsuite wa>,B,v1,,
sorezore,sorezore,1,I,,0,,,B,v1,,
sō shita,sō shita,1,I,,0,,<kō shita>,B,v1,,
soshite,soshite,3,A|B,209|521,0,,<katsu> ;; <oyobi>,B,v1,,
subete wa~nai,subete wa~nai,1,I,,0,,<kanarazushimo>,B,v3,,
sue (ni),sue (ni),2,A,562|7,0,,<ageku (ni)>,B,v1,,
sugiru,sugiru,2,B|I,,0,,<amari>,B,v1|v3,,
sugu,sugu,1,I,,0,,,B,v1,,
sukida,sukida,1,B,,0,,,B,v1,,
sukoshi mo,sukoshi mo,1,B,,0,,<amari>,B,v1,,
sukoshi mo~nai,sukoshi mo~nai,1,A,334,0,,<nanra~nai>,B,v1,,
sukunai,sukunai,1,B,,0,,,B,v1,,
sukunakutomo,sukunakutomo,1,I,,0,,<semete>,B,v1,,
sumaseru,sumaseru,1,A,565,0,,<sumu>,B,v1,,
sumu,sumu,1,A,565,0,,,B,v1,,
sunawachi,sunawachi,1,I,,0,,<tsumari>,B,v1,,
sura,sura,2,A|I,54,0,,<dani> ;; <sae>,B,v1,,
(de) sura,(de) sura,1,A,199,0,,<kara shite>,B,v1,,
suru,suru,7,A|B|I,365,3,,""" cost ; lapse "" ;; "" do ; play "" ;; "" have "" ;; <nasu> ;; <o~suru (humble)> ;; <yaru '> ;; [ sensation ]",B,v1,,collision
suru to,suru to,1,B,,0,,,B,v1,,
tabi ni,tabi ni,2,A|I,444,0,,<ni tsuke>,T,v1,,
tachi,tachi,1,B,,0,,,T,v1,,
tada,tada,4,A|I,570|573|586,0,,<tadashi> ;; <tan ni>,T,v1,,
tada no,tada no,3,A|I,576,0,,<ni suginai> ;; <takaga>,T,v1,,
tadashi,tadashi,1,A,573,0,,,T,v1,,
tai,tai,1,B,,0,,,T,v1,,
taihen,taihen,1,I,,0,,<nakanaka>,T,v1,,
takaga,takaga,1,A,576,0,,,T,v1,,
takusan,takusan,1,B,,0,,<ōi>,T,v1,,
takute mo (~nai),takute mo (~nai),1,A,730,0,,<yo ni mo (~nai)>,T,v1,,
takute monai,takute monai,1,A,408,0,,<ni~nai>,T,v1,,
taku to mo (~nai),taku to mo (~nai),1,A,730,0,,<yo ni mo (~nai)>,T,v1,,
taku to mo~nai,taku to mo~nai,1,A,408,0,,<~ni~nai>,T,v1,,
tama ni wa,tama ni wa,1,A,252,0,,<metta ni~nai>,T,v1,,
tamaranai,tamaranai,2,B|I,,0,,<naranai>,T,v1,,
tame da,tame da,1,I,,0,,<koto ni yoru>,T,v1,,
tame (ni),tame (ni),5,A|B|I,32|745,0,,<beku> ;; <koto de> ;; <sei> ;; <yue ni>,T,v1,,
tame ni,tame ni,1,I,,0,,<ni wa>,T,v2,,
ta nari (de),ta nari (de),1,A,580,0,,,T,v1,,
tan'i de,tan'i de,1,A,582,0,,,T,v1,,
tan ni,tan ni,1,A,586,0,,,T,v1,,
tara,tara,2,B|I,,0,,<tokoro>,T,v1,,
tara do desuka,tara do desuka,1,B,,0,,,T,v1,,
tara ii ka,tara ii ka,1,A,268,0,,<mono ka²>,T,v1,,
tara ii no da ga,tara ii no da ga,1,A,268,0,,<mono ka²>,T,v1,,
tara ii noni,tara ii noni,1,A,268,0,,<mono ka²>,T,v1,,
tara sugu,tara sugu,1,I,,0,,<shidai>,T,v1,,
tara sugu (ni),tara sugu (ni),1,A,706,0,,<ya ina ya>,T,v1,,
~tari~tari,~tari~tari,1,I,,0,,<~nari~nari>,T,v1,,
~tari tari,~tari tari,1,A,720,0,,<yara yara>,T,v1,,
~tari tari suru,~tari tari suru,1,B,,0,,,T,v1,,
~tari~tari suru,~tari~tari suru,1,A,258,0,,<mo [ V ] ba mo [ V ]>,T,v1,,
tari shitara,tari shitara,1,A,728,0,,<yō mono nara>,T,v1,,
taruya,taruya,1,A,591,0,,,T,v1,,
tashika ni,tashika ni,2,A|I,359,0,,<ikanimo> ;; <naruhodo>,T,v1,,
tashika ni ga,tashika ni ga,1,I,,0,,,T,v1,,
tatoete ieba,tatoete ieba,1,A,164,0,,<itte mireba>,T,v1,,
ta tokoro de,ta tokoro de,1,I,,0,,,T,v1,,
tatta,tatta,2,A|I,576,0,,<tada> ;; <takaga>,T,v1,,
tatte,tatte,3,B|I,,0,,<kara to itte> ;; <tomo>,T,v1,,
(t) tatte ',(t) tatte,1,A,594,2,(t) tatte '|(t) tatte²,""" even if """,T,v1,,collision
(t) tatte²,(t) tatte,1,A,597,2,(t) tatte '|(t) tatte²,""" even if s.o. tries to """,T,v1,,collision
"te B ,","te B ,",1,I,,0,,,T,v1,,
te,te,1,B,,0,,<kudasai>,T,v1,,
te ageru,te ageru,1,B,,0,,<ageru>,T,v1,,
te aru,te aru,1,B,,0,,<aru '>,T,v1,,
te bakari wa irarenai,te bakari wa irarenai,1,A,600,0,,,T,v1,,
te hajimete,te hajimete,1,I,,0,,,T,v3,,
te hoshii,te hoshii,1,B,,0,,<hoshii '>,T,v1,,
te iru,te iru,1,B,,0,,<iru²>,T,v1,,
te itadaku,te itadaku,1,B,,0,,<morau²>,T,v1,,
te kara,te kara,3,B,,0,,<(no) ue de> ;; <kara²> ;; <te>,I|T,v1|v3,,
te kudasai,te kudasai,1,B,,0,,<kudasai>,I,v1,,
te kudasaru,te kudasaru,1,B,,0,,<kureru²>,I,v1,,
te miru,te miru,1,B,,0,,<miru>,I,v1,,
te mo,te mo,8,A|B|I,594|740|88,0,,<(t) tatte '> ;; <domo> ;; <kara to itte> ;; <sore demo> ;; <ta tokoro de> ;; <tomo> ;; <yō to/ga>,I,v1|v2,,
- te mote mo,- te mote mo,1,A,603,0,,,I,v1,,
te mo ii,te mo ii,1,B,,0,,,I,v1,,
te moraitai,te moraitai,1,B,,0,,<hoshii '>,I,v1,,
te morau,te morau,1,B,,0,,<morau>,I,v1,,
te naranai,te naranai,1,A,605,0,,<te shikata ga nai>,I,v1,,
ten (de),ten (de),1,I,,0,,,I,v1,,
te ne,te ne,1,B,,0,,<ne>,I,v1,,
te oku,te oku,1,B,,0,,<oku>,I,v1,,
te sashiageru,te sashiageru,1,B,,0,,<ageru2>,I,v1,,
te shikata ga nai,te shikata ga nai,3,A|B,605|678,0,,<(to i) ttara nai> ;; <tamaranai>,I,v1,,
te shimau,te shimau,1,B,,0,,<shimau>,I,v1,,
te tamaranai,te tamaranai,3,A|B,605|678,0,,<(to i) ttara nai> ;; <tamaranai> ;; <te shikata ga nai>,I,v1,,
te wa,te wa,2,A|I,725,0,,<yōde wa>,I,v1,,
te wa ikemasen,te wa ikemasen,1,A,29,0,,<bekarazu/bekarazaru>,I,v1,,
te wa ikenai,te wa ikenai,3,A|B|I,263,0,,<Imperative> ;; <mono de wa nai> ;; <wa ikenai>,I,v1,,
te wa irarenai,te wa irarenai,1,A,609,0,,,I,v1,,
te wa naranai,te wa naranai,1,B,,0,,<wa ikenai>,I,v1,,
te yaru,te yaru,1,B,,0,,<ageru2>,I,v1,,
te yokatta,te yokatta,1,B,,0,,<ba yokatta>,I,v1,,
to ',to,1,B,,1,to|to ',""" and """,I,v1,,collision
"to with if ; when ""","to with if ; when """,1,B,,0,,""" "" "" .B to ' [ quote marker ] ... .B to * """,I,v1,unbalanced,garble
to,to,6,A|I,209|353|521|618|94,1,to|to ',<-dōshi> ;; <katsu> ;; <narabi ni> ;; <oyobi> ;; <to bakari ni>,I,v1,,collision
to atte,to atte,1,A,612,0,,,I,v1,,
to atte wa,to atte wa,1,A,615,0,,,I,v1,,
to bakari ni,to bakari ni,1,A,618,0,,,I,v1,,
to demo iu beki,to demo iu beki,1,A,622,0,,,I,v1,,
to dōji ni,to dōji ni,3,A|I,706,0,,<totan (ni)> ;; <ya ina ya>,I,v1,missing_ref,missing_only
to gyaku ni,to gyaku ni,1,I,,0,,<ni hanshite/hansuru>,I,v1,,
to ieba,to ieba,2,B|I,,0,,<to iu to>,I,v1,,
to ie domo,to ie domo,1,A,624,0,,,I,v1,,
-to iito ii,-to iito ii,1,A,628,0,,,I,v1,,
to issho ni,to issho ni,1,I,,0,,<to tomo ni>,I,v1,,
to itsu (de) mo,to itsu (de) mo,1,I,,0,,<tabi ni>,I,v3,,
to itta,to itta,1,A,629,0,,,I,v1,,
to ittara,to ittara,1,B,,0,,<to ieba>,I,v1,,
to itta tokoro da,to itta tokoro da,1,A,633,0,,,I,v1,,
to itte,to itte,1,A,635,0,,,I,v1,,
to itte mo,to itte mo,1,I,,0,,,I,v3,,
to iu,to iu,4,A|B,622|629|654,0,,<to demo iu beki> ;; <to itta> ;; <to no>,I,v1,,
to iu fu ni,to iu fu ni,1,I,,0,,,I,v1,,
to iu ka,to iu ka,1,A,638,0,,,I,v1,,
to iu koto wa,to iu koto wa,2,I,,0,,<to iu no wa - koto da>,I,v1,missing_ref,missing_only
to iu noni,to iu noni,1,I,,0,,,I,v1,,
to iu no wa,to iu no wa,2,A,640|661,0,,<to wa>,I,v1,,
to iu no wa~koto da,to iu no wa~koto da,1,,,0,,,I,,missing_ref,missing_only
to iu to,to iu to,1,I,,0,,,I,v1,,
to iu yō/fu ni,to iu yō/fu ni,1,A,618,0,,<to bakari ni>,I,v1,,
to iu yōna,to iu yōna,1,A,629,0,,<to itta>,I,v1,,
to iu yōni,to iu yōni,1,I,,0,,<to iu fu ni>,I,v1,,
to iu yori,to iu yori,1,A,638,0,,<to iu ka>,I,v1,,
to iu yori (wa),to iu yori (wa),1,I,,0,,,I,v1,,
to iwan bakari ni,to iwan bakari ni,1,A,618,0,,<to bakari ni>,I,v1,,
- to iwazu~to iwazu,- to iwazu~to iwazu,1,A,643,0,,,I,v1,,
toka,toka,2,A|B,57,0,,<dano>,I,v1,,
toka de,toka de,1,I,,0,,,I,v1,,
toka 2 toka,toka 2 toka,1,,,0,,<nari~nari>,I,,missing_ref,missing_only
~2 toka toka,toka toka,1,A,470,0,,<no no to>,I,v1,,collision
~tokatoka,~tokatoka,1,A,720,0,,<~yara yara>,I,v1,,
toki,toki,3,A|B|I,502,0,,<ni atatte/atari> ;; <ori (ni)>,I,v1,,
toki ni,toki ni,2,A|I,312,0,,<naka o> ;; <sai (ni)>,I,v1|v3,,
toki (ni) wa,toki (ni) wa,1,I,,0,,<tabi ni>,I,v1,,
toki tama shika 2 nai,toki tama shika 2 nai,1,A,252,0,,<metta ni~nai>,I,v1,,
to kitara,to kitara,3,A|B,384|591,0,,<ni itatte wa> ;; <taruya> ;; <to ieba>,I,v1,,
tokoro,tokoro,1,I,,0,,,I,v1,,
tokoro da,tokoro da,2,B,,2,,""" moment "" ;; "" place """,I,v1,,collision
(ni shita) tokoro de,(ni shita) tokoro de,1,,,0,,,I,,missing_ref,missing_only
tokorode,tokorode,1,A,543,0,,<sate>,I,v1,,
tokoro ga,tokoro ga,1,I,,0,,,I,v1,,
tokoro kara,tokoro kara,1,A,645,0,,,I,v1,,
tokoro o 312,tokoro o 31,1,B,,0,,<naka o>,I,v1,,collision
toku,toku,1,B,,0,,<oku>,I,v3,,
tomo,tomo,3,A|I,88,0,,<domo> ;; <sa>,I,v1|v3,,
to mo naku,to mo naku,1,A,648,0,,,I,v1,,
to mo naru to> ni/to mo naru to,to mo naru to> ni/to mo naru to,1,,,0,,,I,,missing_ref;unbalanced,garble
to mo nashi ni,to mo nashi ni,1,A,648,0,,<to mo naku>,I,v1,,
to mo sureba,to mo sureba,1,A,651,0,,<to mo suru to>,I,v1,,
to mo suru to,to mo suru to,1,A,651,0,,,I,v1,,
to naku,to naku,1,A,648,0,,<to mo naku>,I,v1,,
to narande,to narande,1,I,,0,,<to tomo ni>,I,v1,,
to naru,to naru,1,I,,0,,,I,v3,,
to naru to,to naru to,2,I,,0,,<to suru '>,I,v1|v3,,
tonikaku,tonikaku,1,I,,0,,<nanishiro>,I,v1,,
to no,to no,1,A,654,0,,,I,v1,,
to no koto,to no koto,1,A,738,0,,<yoshi>,I,v1,,
to onajiku,to onajiku,1,I,,0,,<to tomo ni>,I,v1,,
to onaji kurai,to onaji kurai,1,A,323,0,,<-nami>,I,v1,,
toriaezu,toriaezu,1,A,126,0,,<ichiō>,I,v1,,
tōri (ni),tōri (ni),1,I,,0,,,I,v1,,
to shite,to shite,1,B,,0,,,I,v1,,
to shite mo,to shite mo,2,A,418|435,0,,<ni shiro/seyo> ;; <ni shite mo>,I,v1,,
to shite wa,to shite wa,1,B,,0,,,I,v1,,
to sugu (ni),to sugu (ni),1,A,706,0,,<ya ina ya>,I,v1,,
"to suru s o assume s t feel~; look~"" (n) to surun to suru","to suru s o assume s t feel~; look~"" (n) to surun to suru",1,,,0,,""" "" "" .... I to suru """,I,,merged_suspect;missing_ref;unbalanced,garble
to suru to,to suru to,1,I,,0,,<to naru to>,I,v3,,
totan (ni),totan (ni),2,A|I,706,0,,<ya ina ya>,I,v1,,
tōtei nai,tōtei nai,1,A,658,0,,<totemo - nai>,I,v1,,
totemo,totemo,1,I,,0,,<nakanaka>,I,v3,,
totemo nai,totemo nai,1,A,658,0,,,I,v1,,
tōtō,tōtō,2,I,,0,,<yatto>,I,v1|v3,,
to tomo ni,to tomo ni,2,I,,0,,<to dōji ni>,I,v1|v2,,
to wa,to wa,2,A,661,0,,<koto ni>,I,v1,missing_ref,missing_only
(nado) to wa,(nado) to wa,1,A,235,0,,<nante '>,I,v1,,
to wa ie,to wa ie,1,A,339,0,,,I,v1,,
to to to (wa wa wa) iu iu itte mono mono mo no no <to <ie>>> 664 664 288,to to to (wa wa wa) iu iu itte mono mono mo no no <to <ie>>> 664 664 288,1,A,664,0,,<wa to mottomo wa ie>,I,v1,merged_suspect;unbalanced,garble
to wa kagiranai,to wa kagiranai,1,I,,0,,,I,v3,,
towazu o towazu,towazu o towazu,1,I,,0,,,I,v1,,
tōzen da,tōzen da,1,A,263,0,,<mono de wa nai>,I,v1,,
tsui,tsui,1,A,668,0,,,I,v3,,
tsuide ni,tsuide ni,1,A,668,0,,,I,v1,,
tsui ni,tsui ni,1,A,671,0,,<tōtō>,I,v1,,
tsuite wa,tsuite wa,1,I,,0,,,I,v1,,
tsumari,tsumari,1,,,0,,,I,,missing_ref,missing_only
tsumori,tsumori,1,I,,0,,,I,v1,,
tsutsu,tsutsu,1,,,0,,,I,,missing_ref,missing_only
tsuzuke da,tsuzuke da,1,I,,0,,<-ppanashi>,I,v1,,
tsuzukeru,tsuzukeru,1,I,,0,,<-ppanashi>,I,v1,,
ttara,ttara,1,B,,0,,<to ieba>,I,v1,,
(to i) ttara nai,(to i) ttara nai,1,A,678,0,,,I,v1,,
"tte speaking of "" B -tte","tte speaking of "" B -tte",1,B,,0,,""" "" [ quote marker ]",I,v1,unbalanced,garble
uchi ni,uchi ni,1,B,,0,,,U,v1,,
uchi wa,uchi wa,1,I,,0,,<kagiri '>,U,v1,,
(no) ue de,(no) ue de,2,A|I,7,0,,<ageku (ni)>,U,v1,,
ue (ni),ue (ni),2,I,,0,,<sono ue>,U,v1|v3,,
ukkari,ukkari,1,A,668,0,,<tsui>,U,v1,,
uru/eru,uru/eru,1,I,,0,,,U,v1,,
Vinf nonpast na,Vinf nonpast na,1,A,29,0,,<bekarazu/bekara- zaru>,V,v1,,
Vmasu,Vmasu,1,I,,0,,,V,v1,,
Vmasu as a Noun,Vmasu as a Noun,1,I,,0,,,V,v1,,
Vpot hazu ga nai,Vpot hazu ga nai,1,A,34,0,,<beku mo nai>,V,v1,,
Vpot wake ga nai,Vpot wake ga nai,1,A,34,0,,<beku mo nai>,V,v1,,
Vte,Vte,1,I,,0,,<Vmasu>,V,v1,,
Vte kudasai,Vte kudasai,1,A,377,0,,<negau/negaimasu>,V,v1,,
wa ',wa,1,B,,0,wa|wa '|wa²,[ theme ],W,v1,,collision
wa²,wa,1,B,,0,wa|wa '|wa²,[ female speech marker ],W,v1,,collision
wa,wa,3,A|I,591,0,wa|wa '|wa²,<rei no> ;; <taruya>,W,v1|v3,,collision
wa da,wa da,1,B,,0,,,W,v1,,
wa- desu,wa- desu,1,B,,0,,<~wa da>,W,v1,,
wa 2 ga,wa 2 ga,1,B,,0,,,W,v1,,
~wa wa,~wa wa,1,A,701,0,,,W,v1,,
wa are,wa are,1,A,683,0,,,W,v1,,
wa atte mo,wa atte mo,1,A,683,0,,<wa are>,W,v1,,
wa betsu to shite,wa betsu to shite,1,A,685,0,,,W,v1,,
wa ii to shite mo,wa ii to shite mo,1,A,691,0,,,W,v1,,
wa ikenai,wa ikenai,1,B,,0,,,W,v1,,
wa iu made mo naku,wa iu made mo naku,2,A|I,694,0,,<wa oroka>,W,v1,,
wa iu ni oyobazu,wa iu ni oyobazu,2,A|I,694,0,,<wa iu made mo naku> ;; <wa oroka>,W,v1,,
"wake da Dica B ,","wake da Dica B ,",1,I,,0,,,W,v1,,
wake de wa nai,wake de wa nai,1,I,,0,,,W,v1,,
wake ga nai,wake ga nai,1,,,0,,,W,,missing_ref,missing_only
wake ni wa ikanai,wake ni wa ikanai,2,A|I,609,0,,<te wa irarenai>,W,v1,,
wakeru,wakeru,1,B,,0,,,W,v1,,
wa mochiron,wa mochiron,2,A|I,694,0,,<wa iu made mo naku> ;; <wa oroka>,W,v1,,
wa naranai,wa naranai,1,B,,0,,<wa ikenai>,W,v1,,
wa oroka,wa oroka,1,A,694,0,,,W,v1,,
wariai,wariai,1,I,,0,,<kekkō>,W,v1,,
wari ni (wa),wari ni (wa),1,A,697,0,,,W,v1,,
wa sate oki,wa sate oki,1,A,685,0,,<wa betsu to shite>,W,v1,,
wa shikata ga nai to shite mo <wa ii,wa shikata ga nai to shite mo <wa ii,1,,,0,,,W,,merged_suspect;missing_ref;unbalanced,garble
to shite mo>,to shite mo>,1,A,691,0,,,W,v1,unbalanced,garble
wazawaza,wazawaza,1,B,,0,,<sekkaku>,W,v1,,
wazuka,wazuka,1,B,,0,,<sukunai>,W,v1,,
ya,ya,5,A|B,209|57|706,2,,""" and "" ;; "" store "" ;; <dano> ;; <katsu> ;; <ya ina ya>",Y,v1,,collision
~ya~ya,~ya~ya,1,A,720,0,,<~yara~yara>,Y,v1,,
yahari,yahari,2,B|I,,0,,<sasuga>,Y,v1,,
yahari/yappari,yahari/yappari,2,A,111|36,0,,<beku shite> ;; <hatashite>,Y,v1,,
ya ina ya,ya ina ya,1,A,706,0,,,Y,v1,,
yappari,yappari,1,B,,0,,<yahari>,Y,v1,,
yara,yara,1,A,715,0,,,Y,v1,,
yarayara,yarayara,1,A,720,0,,,Y,v1,,
~yara~yara,~yara~yara,1,A,701,0,,<~wa~wa>,Y,v1,,
yaru¹,yaru,1,I,,0,yaru|yaru²|yaru¹,,Y,v1,,collision
yaru²,yaru,1,I,,0,yaru|yaru²|yaru¹,,Y,v1,,collision
yaru,yaru,2,B,,0,yaru|yaru²|yaru¹,<ageru '> ;; <suru²>,Y,v1,,collision
yasui,yasui,2,B|I,,0,,<-ppoi>,Y,v1|v3,,
yatto,yatto,2,I,,0,,<tōtō>,Y,v1|v3,,
yaya mo sureba,yaya mo sureba,1,A,651,0,,<to mo suru to>,Y,v1,,
yaya mo suru to,yaya mo suru to,1,A,651,0,,<to mo suru to>,Y,v1,,
yo,yo,2,I,,0,,<sa> ;; <zo>,Y,v1,,
yō,yō,3,A|I,291,2,,""" a way of doing s.t. "" ;; "" probably ; likely "" ;; <-muke>",Y,v1|v3,,collision
yōda,yōda,2,A|B,103,0,,<gotoshi>,Y,v1,,
yōde wa,yōde wa,1,A,725,0,,,Y,v1,,
yō mono nara,yō mono nara,1,A,728,0,,,Y,v1,,
yomoya,yomoya,1,I,,0,,<masaka>,Y,v2,,
yona,yona,1,I,,0,,<-ppoi>,Y,v3,,
yo ne,yo ne,1,B,,0,,<ne>,Y,v1,,
yoni “ so that ”,yoni “ so that ”,1,B,,0,,,Y,v1,,
yōni,yōni,4,B|I,,1,,""" like "" ;; <-kata o suru> ;; <fu ni> ;; <tōri (ni)>",Y,v1|v2|v3,,
yōni iu,yōni iu,1,B,,0,,,Y,v1,,
yo ni mo (~nai),yo ni mo (~nai),1,A,730,0,,,Y,v1,,
yō ni mo~nai,yō ni mo~nai,1,A,408,0,,<~ni~nai>,Y,v1,,
yōni naru,yōni naru,1,B,,0,,,Y,v1,,
yōni suru,yōni suru,1,B,,0,,,Y,v1,,
yori,yori,3,A|B|I,540,2,yori|yori²,""" than "" ;; <sara ni>",Y,v1,,collision
yori²,yori,1,B,,2,yori|yori²,""" side """,Y,v1,,collision
yori/no hoka (ni) (wa)~nai,yori/no hoka (ni) (wa)~nai,1,A,734,0,,,Y,v1,,
yoru to ni yoru to,yoru to ni yoru to,1,,,0,,,Y,,missing_ref,missing_only
yoshi,yoshi,1,A,738,0,,,Y,v1,,
yōsuru ni,yōsuru ni,1,I,,0,,<tsumari>,Y,v1,,
yō to omou,yō to omou,1,B,,0,,,Y,v1,,
yō to suru,yō to suru,2,A|B,474,0,,<miru> ;; <n to suru>,Y,v1,,
yo to/ga,yo to/ga,1,A,740,0,,,Y,v1,,
yō tomo,yō tomo,1,A,740,0,,<yō to/ga>,Y,v1,,
yō ttatte,yō ttatte,1,A,730,0,,<yō ni mo (~nai)>,Y,v1,,
yōyaku,yōyaku,1,I,,0,,<yatto>,Y,v1,,
yue ni,yue ni,1,A,745,0,,,Y,v1,,
zaru o enai,zaru o enai,2,A,734,0,,<yori/no hoka (ni) (wa)~nai>,Z,v1|v2,,
zenbu wa nai,zenbu wa nai,1,I,,0,,<kanarazushimo>,Z,v1,,
zenzen,zenzen,1,B,,0,,<amari>,Z,v1,,
zenzen~nai,zenzen~nai,4,A,159|252|328|334,0,,<issai~nai> ;; <metta ni~nai> ;; <nani- nai> ;; <nanra~nai>,Z,v1,,
zettaini,zettaini,1,A,750,0,,<zu ni wa okanai>,Z,v1,,
ZO,ZO,1,I,,0,,,Z,v1,,
zu,zu,2,I,,0,,<-naku> ;; <-nu>,Z,v1|v3,,
zu ni,zu ni,4,A|B|I,362|753,0,,<(no) kawari ni> ;; <-nai de> ;; <nashi ni> ;; <zu shite>,Z,v1,,
zu ni wa irarenai,zu ni wa irarenai,1,A,609,0,,<te wa irarenai>,Z,v1,,
zu ni wa okanai,zu ni wa okanai,1,A,750,0,,,Z,v1,,
zu ni wa orarenai/orenai/irarenai,zu ni wa orarenai/orenai/irarenai,1,,,0,,,Z,,missing_ref,missing_only
zurai,zurai,1,I,,0,,<-gatai>,Z,v1,,
zu shite,zu shite,1,A,753,0,,,Z,v1,,
zu tomo,zu tomo,1,A,755,0,,,Z,v1,,
zutsu,zutsu,2,A|B,582,0,,<tan'i de>,Z,v1,,
